p0,R,M,k2,Lambda,Phi,H,Beta
1.0,2.0800000147673163,0.00967523446359369,0.7189894895196788,3.1342693519611694e10,0.00348636961182763,2.7873286001832644,3.9396891015835
1.1020408163265305,2.180000014767326,0.011143245434899697,0.7159581159997495,1.947673672545006e10,0.0038369256127374057,3.060365958120174,4.125288139058905
1.2040816326530612,2.276000014767336,0.012686073613579905,0.7129378413258339,1.2580022243171946e10,0.004190214167230868,3.3342811491528295,4.3029498237499135
1.3061224489795917,2.367000014767345,0.014274965481982737,0.7099461386263003,8.447845178443245e9,0.004540545546451626,3.6045681776529834,4.470869910926859
1.4081632653061225,2.455000014767354,0.015933167317199723,0.706965016436245,5.828400816790037e9,0.004893639554337036,3.875762758942874,4.632783953054389
1.510204081632653,2.5390000147673626,0.017632116050199147,0.7040120993548789,4.137862331150841e9,0.005244091971530686,4.143607191068653,4.786887141683697
1.6122448979591837,2.620000014767371,0.019381546196406724,0.7010788831684497,3.0042483185953035e9,0.005594502683528876,4.410164426710131,4.93505419860078
1.7142857142857142,2.698000014767379,0.021172832669622697,0.698169300240446,2.226794990625251e9,0.00594367538125966,4.674507233855727,5.0773172204969415
1.8163265306122447,2.7740000147673864,0.023021787316489184,0.6952706218671209,1.6764691355928767e9,0.006294977720636278,4.939277335799316,5.215528062502121
1.9183673469387754,2.8470000147673935,0.024897195965742084,0.6924029861886114,1.2851347475258737e9,0.006643009936720508,5.200269680110691,5.3478921718889145
2.020408163265306,2.918000014767401,0.026817078262459566,0.6895519928286138,9.984831603154709e8,0.006991450225179261,5.4603656656678785,5.476253139265237
2.122448979591837,2.987000014767408,0.028775873971906493,0.6867204854790498,7.856300527403276e8,0.007339593884577917,5.719025139227178,5.600631618923035
2.2244897959183674,3.0550000147674146,0.030797846365730578,0.6838923461747959,6.235146485634613e8,0.007691772796124045,5.979599928245008,5.722847633782825
2.326530612244898,3.120000014767421,0.03281848553970862,0.6811063033875137,5.0211104561609346e8,0.008037384556076865,6.233913629641205,5.839320686465326
2.4285714285714284,3.184000014767428,0.03489308513782852,0.6783272295730022,4.0739179794443893e8,0.008385924523954152,6.489301725446637,5.953665562712001
2.5306122448979593,3.2460000147674335,0.03698559765811088,0.6755757537238424,3.339319797662697e8,0.008731717837269467,6.741409688891848,6.064106276649249
2.63265306122449,3.30600001476744,0.03908989140496698,0.6728539293713681,2.763868043269924e8,0.009074126801790944,6.989774621055941,6.170665834999457
2.7346938775510203,3.366000014767446,0.041272562383663884,0.6701236068474776,2.2952124823482752e8,0.00942368943377179,7.242449098863029,6.276916115251
2.836734693877551,3.424000014767452,0.04345963268799795,0.6674254498924838,1.9232948575004628e8,0.009769057118587885,7.490777549558729,6.379312774373266
2.938775510204082,3.4800000147674575,0.04564478262201663,0.6647613437077431,1.6255893505679065e8,0.010109622110736993,7.734331481597642,6.477879607926954
3.0408163265306123,3.5360000147674633,0.04790200826182896,0.6620912523861036,1.377574545496606e8,0.010456576071853903,7.981602960309403,6.576160342517937
3.142857142857143,3.590000014767469,0.050149584531826934,0.6594575364539451,1.1768658635966681e8,0.010797953787603214,8.223543625421078,6.670640228522307
3.2448979591836733,3.644000014767474,0.05246640549740127,0.6568189704024435,1.0077099713097297e8,0.01114536222722112,8.468918470286786,6.764844325000922
3.3469387755102042,3.69600001476748,0.054765663175282295,0.6542190233518359,8.694523983033143e7,0.011486439102006894,8.708429878867134,6.855277343585677
3.448979591836735,3.7470000147674845,0.057086016327559976,0.6516373043782239,7.536683901422387e7,0.011826908300007394,8.94640201243443,6.94370476100397
3.551020408163265,3.7980000147674895,0.059471005923250025,0.6490523281296583,6.545347000402471e7,0.012172885333759955,9.187406882603605,7.031873348210351
3.6530612244897953,3.8470000147674948,0.061826340736491715,0.646509072509154,5.724300493149337e7,0.012511434391790003,9.421794541051563,7.11631650975388
3.7551020408163267,3.8960000147674996,0.06424305811433623,0.643963559464075,5.01452251902606e7,0.012855151913557536,9.658962754602559,7.200512913428241
3.857142857142857,3.9440000147675045,0.06667192939299232,0.6414387353767836,4.41092000339623e7,0.013197393983365724,9.893970397286086,7.2827371692793
3.9591836734693877,3.991000014767509,0.06911004601556646,0.6389352953501618,3.89550881226411e7,0.013537902876206133,10.126641941675407,7.363000267483121
4.061224489795919,4.037000014767513,0.07155448772950368,0.6364538987142708,3.453670468187764e7,0.013876424343831168,10.356806227887015,7.441313262239366
4.163265306122449,4.082000014767519,0.07400232704995958,0.6339951971607205,3.0734678167179435e7,0.014212707661562284,10.584296411037183,7.517687236921423
4.26530612244898,4.127000014767523,0.07650534684654042,0.6315360174785819,2.7385212130359385e7,0.014553522136105246,10.814091729424803,7.593837436327705
4.36734693877551,4.171000014767527,0.07900822530492038,0.6291003499177134,2.4488598188842166e7,0.01489177856658295,11.040991559255568,7.668061932156974
4.469387755102041,4.214000014767532,0.0815079952947888,0.6266888044624807,2.1974961200255014e7,0.015227232630217075,11.264838031547564,7.740372010804825
4.571428571428571,4.257000014767536,0.08405991127304531,0.6242775625216768,1.9740398855684027e7,0.015566916964061981,11.490767347179478,7.81246958584344
4.673469387755102,4.2990000147675405,0.0866050909971338,0.6218911917918563,1.779258717035227e7,0.01590348730823361,11.713434224294032,7.882666470899103
4.775510204081633,4.341000014767545,0.08920108489830597,0.6195054864975901,1.6052696191488175e7,0.016244147016496194,11.938074368515855,7.952655741412378
4.877551020408164,4.3820000147675495,0.0917866598582688,0.6171453818474435,1.4529681751945915e7,0.016581384553178407,12.159249283917335,8.020758291602332
4.979591836734694,4.422000014767553,0.0943588140459673,0.6148114020139753,1.3192521720292266e7,0.016914965060906874,12.376814476085213,8.086985600516492
5.081632653061225,4.462000014767557,0.09697852259710704,0.6124787631436603,1.198852156122088e7,0.017252343430747552,12.596150041789407,8.153017559235039
5.183673469387755,4.501000014767561,0.09958108958167393,0.6101729153732732,1.0927434294864336e7,0.017585765008249682,12.811685118535106,8.217188457316208
5.285714285714286,4.540000014767565,0.10222974026687451,0.6078687137963115,9.96798443183466e6,0.017922847510450264,13.02889104776401,8.281169503366709
5.387755102040815,4.578000014767568,0.10485750146911328,0.6055919344229479,9.119396115259234e6,0.018255677349741376,13.242111864084551,8.343303809537582
5.489795918367347,4.616000014767573,0.10752983427389108,0.6033170884411893,8.34899742520578e6,0.018592032331630846,13.456907363687446,8.405253952171114
5.591836734693878,4.653000014767577,0.11017751160841315,0.6010702647049732,7.6653200226162225e6,0.018923842264790946,13.667539209500209,8.465371776715637
5.693877551020409,4.69000001476758,0.11286821293023233,0.5988256453563784,7.042241962749632e6,0.01925904269735998,13.879652881726727,8.525311285159889
5.795918367346939,4.726000014767584,0.11553048330245387,0.5966096189282306,6.487546278080135e6,0.019589410288731752,14.087430375893215,8.583432962269182
5.89795918367347,4.762000014767588,0.11823420063201279,0.5943960531944648,5.980146961429431e6,0.019923035579170297,14.296600110974097,8.641382304136503
6.0,4.797000014767591,0.12090571086052088,0.5922116203849939,5.527083491990008e6,0.020251544430520164,14.501267126571259,8.697528350071968
6.0,4.797000014767591,0.12090571086052088,0.5922116203849939,5.527083491990008e6,0.020251544430520164,14.501267126571259,8.697528350071968
12.668896321070234,6.486000014767382,0.30590207598097097,0.474275327440622,192933.5311076142,0.04110065618163711,25.79795681470219,11.154673920328948
19.337792642140467,7.510000014766814,0.48533292613096185,0.39240828040695924,33047.8832886876,0.06044514321081897,33.73320564840376,12.319128996279215
26.006688963210703,8.211000014766425,0.6474373396625283,0.332984833499005,10370.998670576106,0.0785042033439306,39.406837416041085,12.909179596308205
32.675585284280935,8.720000014766143,0.7905610156507558,0.28830230436326415,4468.462779454071,0.09544163575835189,43.50800205446276,13.195790349074834
39.34448160535117,9.10300001476593,0.9159282420847998,0.25372993136086525,2335.5638374585237,0.11138634432055623,46.48721115662211,13.309518738928784
46.013377926421406,9.399000014765766,1.025781764299185,0.22631548418734973,1387.5614468061888,0.12646591215869155,48.65708503541985,13.32175684250489
52.682274247491634,9.631000014765638,1.1219294189233804,0.20416233674006576,903.4610625946663,0.1407476653003313,50.220765650941814,13.272528229526499
59.35117056856188,9.816000014765535,1.2065661493981665,0.18592879808773638,629.0255766944385,0.15433641575110485,51.33818287059848,13.1874325378863
66.0200668896321,9.965000014765453,1.2813288601096005,0.17069901212725594,461.0192509911635,0.16729887888376999,52.117508440312974,13.081770394357912
72.68896321070234,10.085000014765386,1.3473189697898746,0.15783657489191416,352.07859012947455,0.17966382649755436,52.63047068924504,12.96455001269292
79.35785953177258,10.183000014765332,1.4060907371517837,0.14682650366221137,277.66492214204845,0.1915174460459727,52.94696574505766,12.842937727130476
86.02675585284281,10.263000014765288,1.4585150612468853,0.13731568545374415,224.875313134707,0.20289178483329445,53.1085182445118,12.720635426348258
92.69565217391305,10.328000014765252,1.5053056838560392,0.12903533530919598,186.23910330444124,0.2138122229880024,53.146358587193504,12.5999034970668
99.36454849498328,10.382000014765222,1.5476452871800221,0.12174105874802732,156.9963760297232,0.22436388133013455,53.0987181603513,12.483494438495946
106.0334448160535,10.425000014765198,1.5854220839548945,0.11530943330184912,134.56286263181875,0.2345001420405477,52.968629275903716,12.370648583825533
112.70234113712375,10.460000014765177,1.6196127865997776,0.10957797997295328,116.87733680317965,0.24429868180187578,52.78365862027769,12.26304147181813
119.37123745819397,10.488000014765163,1.6505387338587612,0.10444643971176978,102.71479640225597,0.2537711273778348,52.553721947951715,12.160648321594556
126.04013377926421,10.51000001476515,1.6785440768599,0.09982929592031267,91.20369156934002,0.2629356323647386,52.28821637226401,12.063454637842462
132.70903010033445,10.527000014765141,1.703989699729252,0.09565311589567635,81.71315676365168,0.2718163059701564,51.996084403003586,11.971498579985028
139.37792642140468,10.540000014765134,1.727248272228634,0.09185446213675143,73.77921948342744,0.28044268555933766,51.68587345494075,11.884901157077762
146.04682274247492,10.549000014765129,1.7483427593958825,0.08839501096082973,67.10515711386167,0.28880381246772296,51.357797521757085,11.802865623109831
152.71571906354515,10.554000014765126,1.7672992026673753,0.08524146508443252,61.45971265012117,0.2968895798475481,51.011987823414586,11.72460277950122
159.3846153846154,10.558000014765124,1.7852204399502931,0.08231728828495086,56.53855030492299,0.30483238801478213,50.67217744071201,11.65256527761439
166.05351170568562,10.558000014765124,1.8010627467023161,0.07964706100025866,52.34056479915225,0.3124870411601566,50.314418882049736,11.582936641652166
172.72240802675586,10.557000014765125,1.8159307989572506,0.07716320733164188,48.643070880590514,0.31999208979898613,49.9620907126017,11.518375849089812
179.39130434782606,10.554000014765126,1.8294963749915707,0.07486376279050395,45.40502433222948,0.32729743127034283,49.60699800196759,11.457264294916925
186.0602006688963,10.550000014765128,1.8421464548056337,0.07271877609908398,42.52973377581136,0.3344509392774952,49.25654883648005,11.400265813193894
192.72909698996656,10.544000014765132,1.853551482460352,0.07072909949457747,39.99506693325891,0.34140129523262924,48.90263388001971,11.345757272492305
199.3979933110368,10.537000014765136,1.8640961038948187,0.06886866196333588,37.7285079126139,0.34819824357609885,48.55259025744521,11.294502907433953
206.06688963210703,10.529000014765138,1.873805958353777,0.06712715421575807,35.695655772883875,0.35484190775678887,48.20600893472226,11.24613338204452
212.73578595317727,10.520000014765145,1.8827056157279671,0.06549531838886105,33.86736785838304,0.3613324809096506,47.86249395676803,11.200300804606945
219.4046822742475,10.51000001476515,1.8908186186872857,0.06396481674115892,32.21884502800004,0.3676702186454561,47.52166283638159,11.156677902984582
226.0735785953177,10.499000014765157,1.8981675234316406,0.0625281198492554,30.72889433529739,0.3738554320815069,47.183146857197215,11.114957212763237
232.74247491638792,10.488000014765163,1.9051273684828958,0.061166448077298936,29.360344934179913,0.37994366100353927,46.854091455186335,11.076200716675864
239.4113712374582,10.477000014765169,1.9117165093111106,0.05987440842914582,28.100437400268625,0.3859370956931252,46.53408025078184,11.040203632629298
246.08026755852842,10.465000014765176,1.9176003880554884,0.05865854596647752,26.955133716121672,0.39178150886761615,46.21526549084992,11.005380408309433
252.74916387959865,10.453000014765182,1.9231488465063336,0.05750247156690582,25.89592021991298,0.3975341944725575,45.9047690847862,10.97290518958902
259.4180602006689,10.44000001476519,1.9280271764046653,0.05641310960165636,24.929947003664847,0.40313974169804073,45.59482214901,10.941177060841742
266.0869565217391,10.427000014765197,1.9326019117416318,0.055375354778239017,24.03288695528598,0.4086565421373065,45.29253248043871,10.911438427564827
272.75585284280936,10.414000014765202,1.9368869075689343,0.054385853215755155,23.198348774823096,0.41408657368407276,44.997572864866,10.883547437148176
279.4247491638796,10.400000014765212,1.9405477278542973,0.053451835498111,22.434286123269878,0.419372737359642,44.70228083907325,10.855877474087112
286.09364548494983,10.387000014765219,1.9442927269345451,0.05254965782304508,21.70785294601042,0.4246344434454271,44.42108183487345,10.831275461018496
292.76254180602007,10.373000014765227,1.947439487736885,0.0516971432354918,21.0413283425876,0.4297549973168155,44.13900790526222,10.806620270415893
299.4314381270903,10.359000014765234,1.9503466617633927,0.05088160625564742,20.41716788965855,0.434795211627309,43.863142019295694,10.783300478102925
306.10033444816054,10.345000014765242,1.9530247796451952,0.05010085074132469,19.831857170393874,0.43975682792955495,43.59322877703455,10.761217446521197
312.7692307692308,10.33100001476525,1.9554838207280045,0.049352846165291904,19.282238675332074,0.4446415372334588,43.329025404724845,10.740279218274337
319.438127090301,10.317000014765258,1.9577332470061526,0.04863571239068565,18.76546935926667,0.44945098170146236,43.07030110781176,10.720400071786488
326.10702341137124,10.303000014765265,1.9597820346931984,0.047947706179774806,18.278983968388015,0.4541867563337223,42.8168363053271,10.70150004804809
332.7759197324415,10.289000014765273,1.9616387037071283,0.04728720902008585,17.820463186982458,0.45885041058194914,42.56842205688913,10.683504573172703
339.4448160535117,10.275000014765281,1.963311344880422,0.046652716317336605,17.3878059870844,0.46344344988258307,42.32485942798996,10.666344065603123
346.11371237458195,10.261000014765289,1.9648076453991852,0.046042827667881786,16.979105506854637,0.46796733713395444,42.08595897775521,10.64995359712216
352.7826086956522,10.247000014765296,1.9661349125576115,0.045456238044861104,16.592627941917275,0.4724234941270479,41.8515402129174,10.634272578200736
359.4515050167224,10.233000014765304,1.9673000957380662,0.04489173001941299,16.22679411810924,0.4768133029072089,41.62143111221018,10.619244437280862
366.12040133779266,10.219000014765312,1.968309807114299,0.0443481664832462,15.880163207883191,0.48113810709952354,41.39546769069555,10.604816388470564
372.7892976588629,10.20500001476532,1.9691703408054406,0.043824484337673573,15.551418502410318,0.485399213171144,41.173493525954974,10.590939133126101
379.4581939799331,10.191000014765326,1.9698876909257026,0.04331968861263124,15.239354795587586,0.48959789165831447,40.955359398691066,10.577566644484536
386.12709030100336,10.177000014765335,1.9704675683334865,0.042832847172023056,14.942867251378319,0.4937353783358537,40.74092284094036,10.564655930815347
392.79598662207354,10.163000014765343,1.9709154163134486,0.042363085903022485,14.660941542020687,0.4978128753425935,40.53004781653462,10.552166841893179
399.4648829431438,10.15000001476535,1.9715673958253712,0.041902105408352215,14.385087138788373,0.501897838331522,40.329742540422075,10.54182452333718
406.133779264214,10.136000014765358,1.9717656249561297,0.04146421058530716,14.129751833435023,0.5058591585967498,40.12559897275382,10.530080085063158
412.80267558528436,10.122000014765364,1.9718466978363345,0.04104107682086026,13.88638663270896,0.5097638982398423,39.924644629499355,10.518651752792547
419.4715719063546,10.109000014765373,1.972143440551372,0.04062488892285547,13.64725324162045,0.5136803752295767,39.73388210020956,10.509305167465401
426.1404682274248,10.09500001476538,1.972002658182645,0.04022937995561177,13.425858129292255,0.5174754670390452,39.53896377351563,10.498429870825259
432.809364548495,10.082000014765388,1.9720842385375787,0.039839782690230044,13.207715160224106,0.5212849669329667,39.35401191036318,10.48960183767663
439.4782608695652,10.069000014765395,1.9720638209938766,0.03946265125531322,12.999232566342654,0.5250426140023343,39.17181184538238,10.48099914696883
446.1471571906354,10.056000014765402,1.9719451875924545,0.03909743882962788,12.79985398050262,0.5287493618590909,38.992268893532696,10.472597683046756
452.81605351170566,10.04200001476541,1.9714079381411183,0.03875023878453636,12.615298810455274,0.5323374360138877,38.8082069102747,10.462527809786819
459.4849498327759,10.029000014765417,1.9711044134399385,0.038407245124797575,12.43247917445197,0.535944873239121,38.63371561213584,10.454453296285545
466.15384615384613,10.017000014765424,1.9710354124866651,0.03806828769151447,12.251355855770072,0.5395733847921015,38.4686954698803,10.448382725285649
472.82274247491637,10.004000014765431,1.9705585918392727,0.03774585681573591,12.083577147431422,0.5430855952111696,38.298911836102484,10.440575183553785
479.4916387959866,9.991000014765438,1.9700001749501568,0.037433025118363106,11.922654949676838,0.5465513232953588,38.131368495030394,10.432870086462273
486.16053511705684,9.978000014765446,1.9693630791314831,0.037129399477180206,11.76822716821154,0.5499713870836908,37.965991904849254,10.425251339604372
492.829431438127,9.966000014765452,1.9689691884969474,0.036828549099304005,11.614459442038223,0.5534168711466378,37.80976697372468,10.419604054908511
499.49832775919725,9.95300001476546,1.968182212838579,0.03654232012877409,11.472133803027091,0.5567482294780421,37.64851065299264,10.412121951071951
506.1672240802675,9.941000014765466,1.9676421172022989,0.036258342786458404,11.33006360246652,0.5601070315416037,37.49626473699383,10.406599956307181
512.8361204013378,9.929000014765473,1.9670323046888873,0.03598234978986386,11.193455857730854,0.5634237195442644,37.34591185294945,10.401125129820178
519.5050167224081,9.91700001476548,1.966355166495531,0.03571403196338524,11.062039619288834,0.5666990050341136,37.19739233401784,10.395685456030765
526.1739130434783,9.904000014765487,1.9652978291516436,0.03545874335247019,10.940551251846522,0.5698621064724586,37.043613322962536,10.388330695371707
532.8428093645485,9.892000014765493,1.9644936032420968,0.03520483054429982,10.81868012212991,0.5730564286033455,36.898593970986454,10.382921070350118
539.5117056856187,9.8810000147655,1.963942321822528,0.03495225750898466,10.696474524775219,0.5762833110982025,36.76227025348187,10.379468377454167
546.180602006689,9.869000014765506,1.9630179713489238,0.03471183568681993,10.583432075999104,0.5793997709100475,36.620531398958114,10.374063951004542
552.8494983277592,9.857000014765513,1.9620369205683599,0.034477751333845355,10.474454561083178,0.5824781416772108,36.48036001833996,10.368645438124975
559.5183946488295,9.84500001476552,1.9610010557265576,0.03424977319944751,10.369355010468759,0.5855190404146394,36.341708862102394,10.36320488909714
566.1872909698997,9.834000014765525,1.9602228873739778,0.034022471586180277,10.263469120018609,0.5885958464099225,36.21154710326115,10.359714408486479
572.85618729097,9.822000014765532,1.9590820480049511,0.033806121435924395,10.165680351943706,0.5915638025292055,36.07579795229365,10.354214073221966
579.5250836120401,9.811000014765538,1.9582009016118747,0.03359016989194242,10.066927166446064,0.5945692329445359,35.94844615036769,10.350662592825175
586.1939799331103,9.800000014765544,1.9572703908506672,0.03337962942515313,9.971542317841854,0.5975399153370021,35.822436375500125,10.347073975751155
592.8628762541806,9.78900001476555,1.9562920941414872,0.03317431220715409,9.879379066462509,0.6004763915493392,35.69772945933228,10.343442161872813
599.5317725752508,9.778000014765556,1.9552675327045903,0.03297403849854709,9.790298639181128,0.6033791914368657,35.574287629248154,10.339761515802945
606.2006688963211,9.767000014765562,1.9541981728074271,0.03277863627490506,9.704169729883812,0.606248833162089,35.45207449207533,10.33602680267828
612.8695652173913,9.756000014765569,1.9530854281535308,0.032587940835640046,9.620868019395441,0.6090858235209718,35.33105494718131,10.332233152180837
619.5384615384615,9.745000014765575,1.9519306621277022,0.03240179440677116,9.540275723099969,0.6118906582496246,35.21119511185409,10.32837603689119
626.2073578595317,9.73400001476558,1.9507351897751743,0.03222004579056308,9.462281182521348,0.6146638223108986,35.092462420097185,10.324451297670496
632.876254180602,9.724000014765586,1.9498040416255302,0.03203797471783375,9.38295324705931,0.6174804589167131,34.98181471010994,10.322491320430245
639.5451505016722,9.713000014765592,1.9485302592299394,0.031864649800753625,9.309897506462768,0.6201918709836769,34.86524002022118,10.318424714205456
646.2140468227425,9.703000014765598,1.9475219005293214,0.031690843125534066,9.2354227137675,0.6229480157120242,34.756686387244905,10.3163257297969
652.8829431438127,9.692000014765604,1.946174560860749,0.03152540411769769,9.166917252386307,0.6255994851618062,34.642152147330684,10.31210341853845
659.551839464883,9.68200001476561,1.9450936042136007,0.03135934154247542,9.096920013693143,0.628296900648111,34.53557887945,10.309852044712114
666.2207357859531,9.672000014765615,1.943977662910751,0.031196995764400885,9.02905793714725,0.6309656701449375,34.4299547635517,10.307522427665347
672.8896321070234,9.661000014765621,1.9425278884443047,0.031042494593108354,8.966754725299667,0.6335305369865262,34.318276492345056,10.303047070581252
679.5585284280935,9.651000014765627,1.9413457027139744,0.030887186194891687,8.902871585538838,0.6361430833847422,34.214476239802785,10.300548467573384
686.2274247491638,9.641000014765632,1.940131558420577,0.030735260347171608,8.840890040902336,0.638728195248637,34.11155079510665,10.297964106935504
692.8963210702342,9.631000014765638,1.9388863998448589,0.03058661376564833,8.780739039458966,0.6412862593491083,34.00947691255694,10.29529181682897
699.5652173913043,9.622000014765643,1.9379085684090376,0.030437106818247194,8.719032472697203,0.6438939421724912,33.91520276411352,10.294611231767439
706.2341137123747,9.612000014765648,1.9366034885330086,0.030294773160327127,8.662386255280039,0.6463991904577793,33.814763694774854,10.291761270408584
712.9030100334447,9.602000014765654,1.9352700511029353,0.030155430869148854,8.607375423809007,0.6488785034181939,33.715111136448655,10.288817868110797
719.571906354515,9.593000014765659,1.9342047186161708,0.0300150961287415,8.550752722066594,0.6514089648169749,33.623190796393025,10.28787296212553
726.2408026755854,9.583000014765664,1.9328164336742972,0.029881520229418493,8.498879275857263,0.6538376156946216,33.52504900332552,10.28474192650111
732.9096989966555,9.574000014765671,1.9316966650061946,0.029746876587327394,8.44536484093625,0.6563183884822944,33.434597882514005,10.283614199123583
739.5785953177259,9.564000014765675,1.9302566533631589,0.029618734759736358,8.396409821113213,0.6586977419934652,33.33789071054879,10.28029029413548
746.247491638796,9.55500001476568,1.9290854909160333,0.029489458884623617,8.3457902576378,0.6611301582342501,33.24883481817577,10.278974559243162
752.9163879598663,9.546000014765685,1.9278894296680713,0.02936277505279768,8.296563010850457,0.6635389459141007,33.16044981560655,10.277565008873921
759.5852842809364,9.53700001476569,1.9266691659146509,0.02923861007060922,8.248680458042786,0.6659244176808511,33.07271878041535,10.276060574995714
766.2541806020067,9.527000014765695,1.9251337435020797,0.029120473409082553,8.205013576598398,0.6682091994519529,32.97866859759959,10.272342046825303
772.9230769230769,9.5180000147657,1.9238676310087348,0.029001094034873456,8.15964987483445,0.6705488250370317,32.89219824077025,10.270641926097204
779.5919732441472,9.509000014765705,1.9225792742741603,0.028884029411975622,8.11550057757266,0.6728660386963485,32.806334490043206,10.268844571686556
786.2608695652174,9.50100001476571,1.9215592756895805,0.02876576137176424,8.069713431905836,0.6752391928647962,32.72801573994726,10.269077201331935
792.9297658862877,9.492000014765717,1.920227718462564,0.02865317813098099,8.027907391139719,0.677512570994782,32.643319702586716,10.267086528985853
799.5986622073578,9.48300001476572,1.9188757114903325,0.028542724519445478,7.987199436888243,0.6797643886926857,32.55918702108073,10.264996900304302
806.2675585284281,9.474000014765725,1.9175038159233102,0.028434343145369776,7.947554162779135,0.6819949197040001,32.47560409821422,10.262807910761957
812.9364548494983,9.466000014765731,1.9164004361105553,0.028324683856211882,7.906255508203974,0.6842829804796895,32.39950669707596,10.26265895639915
819.6053511705686,9.457000014765734,1.9149898603771378,0.028220320482513665,7.868665277877536,0.686471859825222,32.31698275549093,10.260273025488928
826.2742474916388,9.449000014765739,1.9138478083946528,0.028114650050902336,7.829418539298945,0.6887190223687579,32.241917322937226,10.259932257140715
832.9431438127091,9.440000014765744,1.912400621591701,0.028014094730879145,7.793755227537993,0.6908672818339175,32.16040271146231,10.257348351963422
839.6120401337793,9.432000014765748,1.9112219236224852,0.02791220777407159,7.756434609773413,0.6930745551339911,32.086320830931164,10.256814654791183
846.2809364548496,9.423000014765755,1.9097400760181238,0.027815263958168187,7.722579901306384,0.69518318955092,32.00576881371265,10.25403224227146
852.9498327759197,9.415000014765758,1.908526642990621,0.02771696804647285,7.687069121422156,0.6973515467215042,31.932624916139638,10.253305003288167
859.61872909699,9.407000014765762,1.907296277066933,0.027620417342426814,7.652436419464478,0.6995008530710571,31.85993341291484,10.252482180977637
866.2876254180602,9.399000014765766,1.9060494202561409,0.02752556766474334,7.618655331780622,0.701631338236172,31.787683834537727,10.251563704379215
872.9565217391304,9.39100001476577,1.9047865020954604,0.027432376182297408,7.585700376516054,0.7037432278442892,31.7158659976365,10.250549555550673
879.6254180602007,9.383000014765775,1.9035079400904285,0.02734080142014293,7.5535470242751055,0.7058367435828927,31.644469948296987,10.249439731203955
886.2943143812707,9.37500001476578,1.9022141401286672,0.027250803147485222,7.5221716380678085,0.7079121033113271,31.57348615157906,10.248234325569612
892.9632107023411,9.367000014765784,1.900905496791709,0.02716234236751367,7.491551444784742,0.7099695211319997,31.502905217451953,10.246933430707859
899.6321070234112,9.359000014765789,1.8995823937442389,0.02707538128791895,7.461664500986341,0.7120092074560278,31.432718056458256,10.245537181403924
906.3010033444816,9.351000014765795,1.898245204107669,0.026989883250538887,7.432489648892321,0.7140313691013279,31.362915850320494,10.244045755115321
912.9698996655517,9.343000014765797,1.896894290771196,0.02690581266095947,7.404006474703661,0.7160362093709156,31.29349010040239,10.24245939895431
919.638795986622,9.336000014765801,1.8958100230796044,0.02682040528596203,7.373947732036478,0.7181041745225417,31.231367870352354,10.242957069327305
926.3076923076922,9.328000014765808,1.894432254630249,0.026739118565571228,7.346812490710712,0.7200750664501381,31.162668916111564,10.2411834519586
932.9765886287624,9.32100001476581,1.8933209007480232,0.026656492259752185,7.31811066210873,0.7221096586500839,31.10125652673918,10.24149859036597
939.6454849498328,9.313000014765814,1.8919176283989465,0.026577857676306795,7.292248261111759,0.7240473723276362,31.03325271726116,10.239538719923866
946.3143812709029,9.306000014765818,1.8907805177942227,0.026497882906233436,7.264829102410691,0.7260493460683459,30.972519037045583,10.23967215090859
952.9832775919732,9.298000014765822,1.8893530213142842,0.026421776313841332,7.240169560626753,0.727954626225883,30.905180289231,10.237527198574503
959.6521739130434,9.291000014765826,1.8881914139347888,0.02634433090397412,7.213963814959061,0.729924711321719,30.845095882430773,10.237479973605398
966.3210702341137,9.28300001476583,1.8867409059894247,0.02627063519414677,7.190441837601791,0.7317982783492086,30.778393829129584,10.235151341239336
972.9899665551841,9.276000014765835,1.885555996378634,0.02619560382911234,7.165384834399649,0.7337371809555275,30.71893087883493,10.234924722112234
979.6588628762541,9.26900001476584,1.8843596488661143,0.02612175295772575,7.140889756214078,0.7356607917750392,30.6597684928883,10.234609842836528
986.3277591973244,9.262000014765842,1.8831521426357225,0.026049055778245938,7.116941631800057,0.7375692783119692,30.600900347761378,10.234207064267922
992.9966555183946,9.255000014765846,1.881933749762137,0.0259774861822156,7.093525965525605,0.7394628054090577,30.54231997205018,10.233716676915936
999.6655518394649,9.24800001476585,1.8807047353050825,0.025907018809484324,7.070628741964371,0.74134153528884,30.484021313796635,10.233139065137864
1006.3344481605351,9.241000014765854,1.8794653575725526,0.02583762899273079,7.048236397574845,0.7432056276019561,30.425998366612625,10.232474592706476
1013.0033444816054,9.234000014765858,1.8782158683421224,0.025769292745798783,7.026335805627228,0.7450552394955429,30.368245366631086,10.231723664972153
1019.6722408026756,9.227000014765862,1.8769565129592976,0.025701986705072868,7.0049142510686675,0.7468905256411843,30.31075665414116,10.23088669742883
1026.3411371237457,9.220000014765867,1.8756875306700884,0.025635688156672207,6.983959424826528,0.7487116383003883,30.253526636138556,10.229964083851804
1033.0100334448161,9.213000014765871,1.8744091546446937,0.02557037499402911,6.9634594052897265,0.750518727355872,30.19655003470703,10.228956291184108
1039.6789297658863,9.206000014765873,1.873121612247224,0.02550602570997826,6.943402644970437,0.752311940370499,30.1398215331526,10.227863734667567
1046.3478260869565,9.199000014765877,1.8718251251998774,0.025442619329921732,6.9237779434488225,0.7540914226295826,30.083336092313903,10.226686902283271
1053.0167224080267,9.19300001476588,1.870791403643277,0.025377981881107424,6.902733938210554,0.7559392508251194,30.034013835746915,10.227639649157803
1059.685618729097,9.186000014765884,1.8694772774307877,0.0253164261155238,6.8839582323943365,0.7576917760782456,29.977998797954697,10.226296919181507
1066.3545150501673,9.179000014765888,1.868154842169426,0.025255753372839213,6.8655827555641995,0.7594309927814087,29.92221223933929,10.224871301137043
1073.0234113712374,9.173000014765892,1.8670946198181193,0.025193867670343647,6.845808600945413,0.761239192179868,29.873573269836573,10.225580781819453
1079.6923076923076,9.166000014765896,1.8657557789013404,0.025134929486411717,6.828220501476746,0.7629522759145626,29.818228919280944,10.22399201695111
1086.361204013378,9.160000014765899,1.8646787721576132,0.025074791726552637,6.80924793345364,0.764734750794836,29.770022538662793,10.224541970647158
1093.0301003344482,9.153000014765903,1.8633243005490905,0.02501751547151542,6.7924089932846625,0.766422230184088,29.71510275787064,10.222791950170807
1099.6989966555184,9.147000014765906,1.8622312769190552,0.02495905369616739,6.774199881783041,0.7681794997103054,29.667311614444955,10.223184164828291
1106.3678929765886,9.14000001476591,1.86086191262932,0.02490337036781946,6.758074108570386,0.7698418877405051,29.61279960520858,10.22127483714783
1113.036789297659,9.134000014765913,1.8597536034265212,0.024846516245216593,6.740592538065131,0.7715744558316885,29.565407101772493,10.22151111178314
1119.7056856187291,9.128000014765918,1.858637729887607,0.02479045337052035,6.723469826633082,0.7732948892785121,29.51820798762137,10.22167076148245
1126.3745819397993,9.12200001476592,1.8575144647927937,0.024735165642667232,6.706697517812664,0.7750033082356818,29.47119841955972,10.221754237039079
1133.0434782608695,9.115000014765926,1.856117028664551,0.024682497104275405,6.691912640270909,0.7766170664702098,29.417453368381658,10.219533148041654
1139.71237458194,9.109000014765927,1.8549798449523547,0.02462868972706301,6.675801590049274,0.7783017476372153,29.37081156494217,10.21946438056996
1146.38127090301,9.10300001476593,1.8538357617026018,0.024575611764507024,6.6600172094269325,0.7799747648338896,29.32434826246497,10.219320825363672
1153.0501672240803,9.097000014765934,1.8526849361790492,0.02452324864104281,6.644551960639113,0.781636231444418,29.278059773562145,10.219102878832063
1159.7190635451504,9.091000014765937,1.8515275220742204,0.024471586105912928,6.629398508283366,0.7832862592516644,29.23194281056652,10.218811060335247
1166.3879598662206,9.085000014765942,1.850363669535244,0.024420610265227388,6.614549724874885,0.7849249584471684,29.185993947765215,10.218445811339226
1173.056856187291,9.079000014765946,1.8491935253008513,0.024370307574813115,6.599998683914382,0.7865524376679812,29.140209913873527,10.218007596034873
1179.7257525083612,9.073000014765947,1.8480172327028095,0.024320664779828825,6.585738641096081,0.7881688040192668,29.094587562002186,10.217496910962147
1186.3946488294314,9.06700001476595,1.8468349318173523,0.024271668959601034,6.571763041456964,0.7897741630995052,29.049123679433233,10.216914198302682
1193.0635451505016,9.061000014765954,1.8456467596452466,0.02422330748397766,6.558065502180787,0.7913686190503127,29.003815278469123,10.21625995907842
1199.732441471572,9.055000014765957,1.8444528499681156,0.024175568038646636,6.544639819947251,0.7929522745426413,28.958659343845916,10.215534656563246
1206.4013377926422,9.049000014765962,1.8432533336200396,0.02412843859172382,6.53147995509341,0.794525230836355,28.913653014755248,10.214738786379964
1213.0702341137123,9.044000014765963,1.8423111042214515,0.024080310195834034,6.517102859231708,0.7961710813360753,28.875710717388944,10.216113722332356
1219.7391304347825,9.038000014765966,1.8411004222117717,0.024034386145946066,6.504469928795848,0.7977229964831494,28.830994488841466,10.215178960159117
1226.408026755853,9.03200001476597,1.8398845109554895,0.02398903742287298,6.492085468999121,0.7992645076749525,28.786419403376335,10.214175017383392
1233.076923076923,9.027000014765973,1.8389252609270745,0.023942717563705196,6.478505626901317,0.8008793692427447,28.748899713902045,10.215346036670859
1239.7458193979933,9.021000014765976,1.8376989205908019,0.023898506637339844,6.466614257243571,0.8024004170599771,28.704598519832437,10.214205995687259
1246.4147157190635,9.01500001476598,1.8364677037309771,0.02385483869462764,6.454955346148535,0.8039113442546632,28.660430692932007,10.212998215965094
1253.0836120401339,9.010000014765984,1.8354925184184891,0.0238102278772503,6.4421227006835835,0.8054960642713636,28.6233097225878,10.213969268701199
1259.752508361204,9.004000014765985,1.8342515614267754,0.023767634636084865,6.430925610920966,0.8069870827186539,28.579400570444253,10.212628165907423
1266.4214046822742,8.999000014765988,1.8332662144643719,0.02372411781745769,6.41856931910369,0.8085521777324619,28.542533147683148,10.213468471787305
1273.0903010033444,8.993000014765991,1.8320159533166498,0.02368255943351162,6.407814423812381,0.8100236447762399,28.498873070256124,10.211995876333658
1279.7591973244148,8.988000014765994,1.8310208797224374,0.023640096890100014,6.395914744245208,0.8115694665795167,28.462249657371704,10.2127071611366
1286.428093645485,8.982000014765998,1.8297617317321253,0.023599535227991086,6.385583387721841,0.8130217301452884,28.41882959265688,10.211104958303897
1293.0969899665552,8.977000014766002,1.8287573480643289,0.023558088934996765,6.374121550003483,0.8145486213242933,28.38244104390038,10.211688951611825
1299.7658862876253,8.972000014766003,1.8277483053068737,0.023517146581909336,6.3628777616704015,0.816066195274406,28.346166883845775,10.212210410457896
1306.4347826086957,8.966000014766006,1.8264764180165818,0.02347802115265552,6.353154170826456,0.8174903144612569,28.303089924191756,10.21041744077935
1313.103678929766,8.96100001476601,1.825458659447564,0.023438040895862617,6.342321640260868,0.8189894548825216,28.26703772630433,10.210814211347069
1319.772575250836,8.956000014766012,1.824436532532663,0.023398538117580744,6.331694147767261,0.8204795215307161,28.231093588350575,10.211149696104169
1326.4414715719063,8.950000014766015,1.8231527543432928,0.023360771606174738,6.322540927692437,0.8218762288200019,28.188341361408597,10.209170071050702
1333.1103678929767,8.945000014766018,1.8221224690633948,0.023322180187178024,6.312300012811587,0.8233483400078396,28.15260714684637,10.209383476921682
1339.7792642140469,8.94000001476602,1.8210880883240292,0.02328404142320344,6.30225204246027,0.8248116116174318,28.116975081560533,10.209536854639204
1346.448160535117,8.935000014766024,1.8200496999661195,0.023246347344212333,6.29239313776024,0.8262661196753943,28.081443295682583,10.20963061999396
1353.1170568561872,8.930000014766026,1.8190073900447608,0.023209090125748354,6.282719506014507,0.8277119392647326,28.04600989342285,10.209665171314493
1359.7859531772576,8.925000014766029,1.8179612428125866,0.02317226212879509,6.273227450968889,0.8291491445129069,28.01067308858693,10.209640924108875
1366.4548494983278,8.920000014766032,1.816911340833012,0.02313585585432151,6.263913357775071,0.8305778086176371,27.97543113291203,10.209558298972793
1373.123745819398,8.915000014766036,1.8158577649329286,0.023099863988435245,6.254773705290609,0.8319980038702277,27.940282212514745,10.20941766778017
1379.7926421404682,8.910000014766037,1.814800594339833,0.023064279322588668,6.245805041404334,0.8334098016556715,27.905224761264513,10.209219493986527
1386.4615384615386,8.905000014766042,1.8137399066331148,0.023029094829375863,6.237004003724778,0.8348132724765782,27.870256997355916,10.208964136444004
1393.1304347826087,8.900000014766043,1.8126757778040514,0.022994303635292524,6.228367310530515,0.836208485955144,27.83537738473654,10.208652026380557
1399.799331103679,8.895000014766048,1.8116082823710302,0.022959898962241265,6.219891742333975,0.8375955108663751,27.800584297901928,10.20828356346819
1406.468227424749,8.890000014766049,1.8105374932807172,0.022925874207431498,6.2115741646363505,0.838974415129274,27.765876205576685,10.207859155536628
1413.1371237458195,8.885000014766053,1.8094634820448556,0.022892222909578958,6.203411515868782,0.8403452658488477,27.73125152874081,10.207379175948311
1419.8060200668897,8.880000014766054,1.8083863186944056,0.022858938698088634,6.195400793877788,0.8417081292787694,27.696708870362524,10.206844066657109
1426.4749163879599,8.875000014766059,1.8073060719553542,0.022826015350046313,6.187539067846414,0.8430630709024217,27.66224674003538,10.206254213257242
1433.14381270903,8.871000014766059,1.8064756093429535,0.022792452351949263,6.178712956199936,0.8444952064114108,27.63477543477622,10.207873358265736
1439.8127090301,8.866000014766062,1.8053891250298106,0.02276024838470013,6.171149965809986,0.8458345396264441,27.600469638816246,10.207175589118986
1446.4816053511706,8.861000014766065,1.8042997567943793,0.02272838721910101,6.163727475979618,0.8471661426324923,27.566240185455296,10.206424255691665
1453.1505016722408,8.856000014766067,1.8032075679831423,0.02269686312525978,6.156442813870388,0.8484900777850469,27.532085694942737,10.205619730545934
1459.8193979933108,8.852000014766071,1.8023643437115524,0.022664739400679288,6.148220001124905,0.8498916123576449,27.50491600654653,10.207027600064201
1466.488294314381,8.847000014766072,1.8012664340089786,0.02263388792492333,6.1412120796105185,0.8512004376099691,27.470907054724613,10.206118230220467
1473.1571906354516,8.842000014766075,1.800165887908954,0.022603356843291296,6.134334217683615,0.8525017776156042,27.43696913674616,10.20515679598625
1479.8260869565217,8.838000014766077,1.799313695262637,0.022572256127200672,6.126537650740183,0.8538810092945879,27.410011866430192,10.20641021201984
1486.4949832775917,8.833000014766082,1.7982077905794458,0.022542364897917673,6.119921227949769,0.8551675979097202,27.37621186066964,10.205346149569134
1493.1638795986619,8.829000014766084,1.7973498337303544,0.022511924200094197,6.112399079266011,0.8565322647755711,27.349390139300105,10.206498578643505
1499.8327759197325,8.824000014766085,1.7962388014405262,0.022482651919574766,6.106034375293191,0.8578043339989843,27.315723205240566,10.205333346460534
1506.5016722408025,8.819000014766088,1.7951254168932955,0.022453674286953003,6.099787842665538,0.8590692081988907,27.282121433862223,10.204117950649707
1513.1705685618726,8.81500001476609,1.7942593752056961,0.02242417681758886,6.092654493639593,0.86041244148532,27.255493653079867,10.205121205201964
1519.8394648829433,8.810000014766095,1.7931411914961985,0.02239578840511916,6.08664595747782,0.8616631343132671,27.22201817480918,10.203806839143676
1526.5083612040132,8.806000014766097,1.7922699493667757,0.02236690004385166,6.07976322096357,0.8629923654896242,27.195514255142417,10.204712588259465
1533.1772575250834,8.802000014766097,1.7913960609872317,0.022338316516718765,6.073006775219061,0.8643146908882726,27.169070805187804,10.205570324535026
1539.8461538461536,8.7970000147661,1.7902709449190313,0.022310783520247533,6.067342957457044,0.8655445409595882,27.135776081503693,10.204110202687321
1546.5150501672242,8.793000014766104,1.7893921716806722,0.022282780618973503,6.0608238783980655,0.8668531864851468,27.109449965930082,10.204872445845744
1553.1839464882942,8.788000014766105,1.7882627669947966,0.022255790611615908,6.055376838502873,0.8680693929511741,27.07627096337826,10.203316870432833
1559.8528428093643,8.784000014766107,1.787379308606368,0.022228350282410204,6.0490867953600285,0.869364567424831,27.0500579848443,10.20398492939711
1566.521739130435,8.780000014766111,1.7864934579364975,0.022201191876780536,6.042912389282763,0.8706530969786439,27.0239003574751,10.204606644993582
1573.190635451505,8.775000014766112,1.7853578543547053,0.022174990848408835,6.037779679572396,0.8718492444823768,26.990887144569648,10.202910547151767
1579.859531772575,8.771000014766114,1.7844676056964301,0.022148369065710986,6.031822370255531,0.8731246074273004,26.964836704874056,10.203440021873574
1586.5284280936457,8.767000014766118,1.783575106419413,0.022122016421914335,6.025974797259482,0.8743934750378505,26.93883875306206,10.203924120341236
1593.1973244147157,8.763000014766119,1.782680402482923,0.022095928765222546,6.020235045428424,0.8756558960603621,26.91289223429572,10.204363110592771
1599.8662207357859,8.758000014766122,1.781537086617154,0.02207072674668232,6.015497895369196,0.8768260083023965,26.88008664661934,10.20248431882359
1606.535117056856,8.754000014766126,1.7806383441982665,0.022045143195020465,6.009960371140883,0.8780756530016519,26.85424008792201,10.202833673009618
1613.2040133779267,8.750000014766126,1.7797375286854211,0.022019812731560527,6.004525222486299,0.8793189941955425,26.82844235547954,10.203138882874127
1619.8729096989966,8.746000014766128,1.7788346827514578,0.021994731524131846,5.999190690488966,0.8805560785181024,26.8026924528228,10.203400193888577
1626.5418060200668,8.74200001476613,1.777929848306437,0.021969895785427757,5.993955044426433,0.8817869520929857,26.77698963008362,10.203617945520204
1633.2107023411374,8.738000014766133,1.7770230665310511,0.021945301764975684,5.988816578831492,0.8830116605586378,26.751333062053135,10.203792451077796
1639.8795986622074,8.734000014766137,1.7761143778442627,0.02192094582796255,5.983773635375153,0.884230249043989,26.72572190731081,10.203923992087121
1646.5484949832776,8.730000014766137,1.7752038219188406,0.021896824384592513,5.978824583172728,0.8854427621951797,26.700155369187918,10.20401286656063
1653.2173913043478,8.72500001476614,1.7740468380420908,0.02187345240522231,5.974804281567913,0.8865631033492628,26.667723513257176,10.201784230080902
1659.8862876254182,8.721000014766144,1.7731328900406829,0.02184977646220054,5.970030931869233,0.8877635709107699,26.64224385801203,10.20178840188045
1666.5551839464883,8.717000014766144,1.7722171884214684,0.0218263247018203,5.9653468258758,0.8889580942582288,26.616806515979786,10.201750793245251
1673.2240802675585,8.713000014766147,1.7712997701286726,0.02180309377708428,5.960750453321601,0.8901467161557928,26.591410829210282,10.20167172475541
1679.8929765886287,8.709000014766149,1.770380671408145,0.021780080395160717,5.956240332376425,0.8913294789115838,26.56605592803873,10.20155143049388
1686.561872909699,8.70600001476615,1.7697034091335635,0.021756826611151938,5.951014468886676,0.892592699813827,26.547650089056074,10.20366652774809
1693.2307692307693,8.702000014766153,1.7687808357345545,0.021734251148970624,5.946679523504927,0.8937638962946955,26.522374715137115,10.203464913639461
1699.8996655518395,8.698000014766157,1.7678566881096112,0.021711883597990114,5.942426491626186,0.8949293578896381,26.497138056245713,10.20322293614741
1706.5685618729096,8.694000014766157,1.7669309999699299,0.021689720898471175,5.9382540045368275,0.8960891251508099,26.471939545575882,10.202940913650203
1713.23745819398,8.69000001476616,1.7660038044741735,0.02166776003761072,5.934160716957221,0.8972432382044592,26.446778354860037,10.202619058263135
1719.9063545150502,8.686000014766162,1.7650751342434985,0.02164599803047446,5.930145301466969,0.8983917367711785,26.421654119784368,10.202257761987083
1726.5752508361204,8.682000014766166,1.7641450211934244,0.021624431981592706,5.926206468106767,0.8995346601281575,26.396565810791984,10.201857141366299
1733.2441471571906,8.678000014766168,1.7632134968465483,0.021603059012892275,5.9223429392978355,0.9006720471880681,26.37151313811481,10.201417600918349
1739.9130434782608,8.67500001476617,1.7625223430985444,0.02158151984236597,5.917807942425616,0.9018904124382158,26.353403959094585,10.203217252997932
1746.5819397993312,8.67100001476617,1.761587877198055,0.021560536401134246,5.914097864211127,0.9030168687438641,26.32842016944354,10.202700705130486
1753.2508361204013,8.667000014766172,1.7606520921085134,0.021539737655186877,5.910459362919126,0.9041379030200026,26.30347011928026,10.202146002773341
1759.9197324414715,8.663000014766174,1.7597150170932643,0.021519120909394306,5.906891252613879,0.9052535525740546,26.278553186976005,10.20155340059388
1766.5886287625417,8.659000014766178,1.7587766809392034,0.021498683538524414,5.903392375142447,0.9063638543336341,26.25366882312607,10.200923165521136
1773.257525083612,8.656000014766178,1.7580778173993972,0.021478125450349012,5.899248913930238,0.9075554407104535,26.235724603435624,10.20253421909477
1779.9264214046823,8.652000014766182,1.7571368377437417,0.0214580504693981,5.895891419809804,0.9086551829960424,26.210903324625168,10.201829583077267
1786.5953177257525,8.648000014766183,1.7561946813222695,0.021438147124927556,5.892599749937893,0.9097496860394607,26.18611301255533,10.201088113322424
1793.2642140468226,8.645000014766184,1.7554914653785505,0.02141815024861514,5.888679471928729,0.9109256473621439,26.168261134407032,10.202589125979017
1799.933110367893,8.641000014766187,1.7545468330961138,0.02139859398250091,5.885522411031875,0.912009804780972,26.143530590452194,10.201774745965926
1806.6020066889632,8.637000014766189,1.7536011041590136,0.021379202034790008,5.882427957705564,0.9130888282609366,26.118829408475236,10.200924261676805
1813.2709030100334,8.63400001476619,1.7528937886802867,0.02135974335274402,5.87872060352171,0.9142494804856334,26.10106508149514,10.202317467607207
1819.9397993311036,8.630000014766193,1.7519457430783092,0.021340683910974812,5.875754340437933,0.9153183658218927,26.07642059693781,10.201395557945922
1826.608695652174,8.627000014766194,1.7512357622205035,0.02132157570783104,5.872185668248107,0.9164689870456072,26.058712296022282,10.202718175267574
1833.2775919732442,8.623000014766198,1.7502855022176957,0.02130283939801334,5.869343474432287,0.9175278691343975,26.034122118539898,10.201725641794205
1839.9464882943143,8.6190000147662,1.749334270443738,0.021284255908934003,5.866558868738773,0.9185817853144495,26.009552880281674,10.200695875172922
1846.6153846153845,8.616000014766202,1.7486205848670207,0.021265649998790225,5.8631871795162285,0.9197176007616303,25.991909844068708,10.201908421085959
1853.284280936455,8.612000014766203,1.7476672841765948,0.021247376411669083,5.8605208353248806,0.9207617052787023,25.96737660581738,10.200803295282803
1859.953177257525,8.609000014766204,1.7469511862224496,0.021229098095957223,5.857277661044891,0.9218878098752827,25.949768960788525,10.201941248066419
1866.6220735785953,8.605000014766206,1.7459959094547108,0.021211125953001064,5.854725873889846,0.9229222249540954,25.925270480139634,10.200761830029805
1873.2909698996655,8.602000014766208,1.7452774941282954,0.02119316667355516,5.851607419320863,0.9240387398836679,25.907696837614456,10.201826164561725
1879.9598662207359,8.59800001476621,1.7443203307828508,0.02117548783316878,5.849166629341245,0.9250635855928607,25.88323182886146,10.200573454023784
1886.628762541806,8.595000014766212,1.7435996898632609,0.02115783924542859,5.846169215266781,0.9261706299233677,25.86569091163016,10.201565174934185
1893.2976588628762,8.592000014766214,1.742877874435483,0.021140348481803326,5.843234014183887,0.9272729891695475,25.8481661988818,10.202521065671066
1899.9665551839464,8.588000014766216,1.7419179483859981,0.021123099891270584,5.840956074998158,0.928283714913505,25.823748685254312,10.20116022636779
1906.6354515050168,8.585000014766218,1.7411940401526003,0.021105907755411112,5.838136600157807,0.9293767782661599,25.80625484278305,10.20204495911474
1913.304347826087,8.58100001476622,1.7402324388608126,0.021088933099852884,5.835961236532827,0.9303782256765315,25.781867841929312,10.200613301285598
1919.9732441471572,8.578000014766221,1.7395065220493626,0.021072031916558112,5.833254125116605,0.9314621070622237,25.764403591025246,10.20142778474681
1926.6421404682274,8.575000014766223,1.7387795388842557,0.021055278732369447,5.83060489224233,0.9325414458166121,25.746954001479644,10.202207604348986
1933.3110367892978,8.571000014766225,1.7378154808472424,0.021038706181596565,5.828580171096194,0.9335292003620932,25.722610385108855,10.20067152569526
1939.979933110368,8.568000014766227,1.7370866112686436,0.02102223275434064,5.8260384110593675,0.9345995243665854,25.705188793432175,10.201382547134731
1946.6488294314381,8.565000014766229,1.7363567362815193,0.02100590175434027,5.823552085807648,0.9356653882852718,25.687780927495066,10.202059559353089
1953.317725752508,8.56100001476623,1.7353903935385946,0.020989715404830172,5.821671143071637,0.9366396973801392,25.663478422736276,10.200421221079734
1959.9866220735787,8.558000014766233,1.7346587484394906,0.02097365347930942,5.819287641458177,0.9376967094562534,25.646096924669845,10.201030799031878
1966.6555183946489,8.555000014766234,1.7339261559808363,0.02095772865313133,5.8169572479657825,0.9387493418657923,25.628728536055345,10.201607116881032
1973.3244147157188,8.552000014766236,1.7331926352033578,0.020941939188792304,5.814679201285306,0.9397976209601387,25.61137269368087,10.202150272153384
1979.993311036789,8.548000014766238,1.7322234403610155,0.02092624733160809,5.812981552306162,0.9407543858249191,25.587121215761545,10.200378768166006
1986.6622073578596,8.54500001476624,1.731488296505011,0.020910713363603027,5.810800445590027,0.9417940238207035,25.569789758036105,10.200856291539308
1993.3311036789298,8.542000014766241,1.7307522788301868,0.0208953097233077,5.808669500208513,0.9428293862106367,25.552470307692147,10.201301394193207
1999.9999999999998,8.539000014766243,1.7300154051703456,0.020880034768116194,5.806588001516654,0.9438604984556033,25.53516263536617,10.20171429514416
